Iterations,Purity
2,0.3180428134556575
3,0.3109072375127421
5,0.30173292558613657
7,0.2996941896024465
10,0.30275229357798167
20,0.30988786952089703
